gameId;timestamp;activity;originator;result
1446728381990;1446724754386;start game;game;started
1446728381990;1446725052671;set pawn to 1|1;Player1;1|1
1446728381990;1446725056231;set pawn to 2|0;Player2;2|0
1446728381990;1446725058719;set pawn to 0|2;Player1;0|2
1446728381990;1446725061799;set pawn to 1|2;Player2;1|2
1446728381990;1446725064095;set pawn to 0|1;Player1;0|1
1446728381990;1446725066551;set pawn to 0|0;Player2;0|0
1446728381990;1446725068079;set pawn to 2|1;Player1;2|1
1446728381990;1446725068117;finish game;game;Player1
1446728323854;1446724754386;start game;game;started
1446728323854;1446725066551;set pawn to 2|0;Player2;2|0
1446728323854;1446725064095;set pawn to 2|1;Player1;2|1
1446728323854;1446725058719;set pawn to 2|1;Player1;2|1
1446728323854;1446725052671;set pawn to 1|1;Player1;1|1
1446728323854;1446725061799;set pawn to 1|2;Player2;1|2
1446728323854;1446725056231;set pawn to 0|0;Player2;0|0
1446728323854;1446725068079;set pawn to 0|1;Player1;0|1
1446728323854;1446725068117;finish game;game;Player1
1446729702064;1446724754386;start game;game;started
1446729702064;1446725066551;set pawn to 0|2;Player2;0|2
1446729702064;1446725064095;set pawn to 0|1;Player1;0|1
1446729702064;1446725058719;set pawn to 0|0;Player1;0|0
1446729702064;1446725052671;set pawn to 1|1;Player1;1|1
1446729702064;1446725061799;set pawn to 1|0;Player2;1|0
1446729702064;1446725056231;set pawn to 2|2;Player2;2|2
1446729702064;1446725068079;set pawn to 2|1;Player1;2|1
1446729702064;1446725068117;finish game;game;Player1
1446725397159;1446724754386;start game;game;started
1446725397159;1446725066551;set pawn to 0|0;Player2;0|0
1446725397159;1446725064095;set pawn to 1|0;Player1;1|0
1446725397159;1446725058719;set pawn to 2|0;Player1;2|0
1446725397159;1446725052671;set pawn to 1|1;Player1;1|1
1446725397159;1446725061799;set pawn to 2|1;Player2;2|1
1446725397159;1446725056231;set pawn to 0|2;Player2;0|2
1446725397159;1446725068079;set pawn to 1|2;Player1;1|2
1446725397159;1446725068117;finish game;game;Player1
1446732183174;1446724754386;start game;game;started
1446732183174;1446725066551;set pawn to 2|2;Player2;2|2
1446732183174;1446725064095;set pawn to 2|1;Player1;2|1
1446732183174;1446725058719;set pawn to 2|0;Player1;2|0
1446732183174;1446725052671;set pawn to 1|1;Player1;1|1
1446732183174;1446725061799;set pawn to 1|0;Player2;1|0
1446732183174;1446725056231;set pawn to 0|2;Player2;0|2
1446732183174;1446725068079;set pawn to 0|1;Player1;0|1
1446732183174;1446725068117;finish game;game;Player1
1446729561992;1446725069399;start game;game;started
1446729561992;1446725069807;set pawn to 1|1;Player1;1|1
1446729561992;1446725071270;set pawn to 0|1;Player2;0|1
1446729561992;1446725073335;set pawn to 1|0;Player1;1|0
1446729561992;1446725075142;set pawn to 1|2;Player2;1|2
1446729561992;1446725079262;set pawn to 2|0;Player1;2|0
1446729561992;1446725081294;set pawn to 0|0;Player2;0|0
1446729561992;1446725082838;set pawn to 0|2;Player1;0|2
1446729561992;1446725082870;finish game;game;Player1
1446727718227;1446725069399;start game;game;started
1446727718227;1446725081294;set pawn to 2|0;Player2;2|0
1446727718227;1446725071270;set pawn to 2|1;Player2;2|1
1446727718227;1446725082838;set pawn to 2|1;Player1;2|1
1446727718227;1446725073335;set pawn to 1|0;Player1;1|0
1446727718227;1446725069807;set pawn to 1|1;Player1;1|1
1446727718227;1446725075142;set pawn to 1|2;Player2;1|2
1446727718227;1446725079262;set pawn to 0|0;Player1;0|0
1446727718227;1446725082870;finish game;game;Player1
1446732901367;1446725069399;start game;game;started
1446732901367;1446725081294;set pawn to 0|2;Player2;0|2
1446732901367;1446725071270;set pawn to 0|1;Player2;0|1
1446732901367;1446725082838;set pawn to 0|0;Player1;0|0
1446732901367;1446725073335;set pawn to 1|2;Player1;1|2
1446732901367;1446725069807;set pawn to 1|1;Player1;1|1
1446732901367;1446725075142;set pawn to 1|0;Player2;1|0
1446732901367;1446725079262;set pawn to 2|2;Player1;2|2
1446732901367;1446725082870;finish game;game;Player1
1446733525510;1446725069399;start game;game;started
1446733525510;1446725081294;set pawn to 0|0;Player2;0|0
1446733525510;1446725071270;set pawn to 1|0;Player2;1|0
1446733525510;1446725082838;set pawn to 2|0;Player1;2|0
1446733525510;1446725073335;set pawn to 0|1;Player1;0|1
1446733525510;1446725069807;set pawn to 1|1;Player1;1|1
1446733525510;1446725075142;set pawn to 2|1;Player2;2|1
1446733525510;1446725079262;set pawn to 0|2;Player1;0|2
1446733525510;1446725082870;finish game;game;Player1
1446725701625;1446725069399;start game;game;started
1446725701625;1446725081294;set pawn to 2|2;Player2;2|2
1446725701625;1446725071270;set pawn to 2|1;Player2;2|1
1446725701625;1446725082838;set pawn to 2|0;Player1;2|0
1446725701625;1446725073335;set pawn to 1|2;Player1;1|2
1446725701625;1446725069807;set pawn to 1|1;Player1;1|1
1446725701625;1446725075142;set pawn to 1|0;Player2;1|0
1446725701625;1446725079262;set pawn to 0|2;Player1;0|2
1446725701625;1446725082870;finish game;game;Player1
1446725603718;1446725083982;start game;game;started
1446725603718;1446725085766;set pawn to 0|0;Player1;0|0
1446725603718;1446725087358;set pawn to 1|1;Player2;1|1
1446725603718;1446725090926;set pawn to 2|1;Player1;2|1
1446725603718;1446725098510;set pawn to 1|2;Player2;1|2
1446725603718;1446725100478;set pawn to 1|0;Player1;1|0
1446725603718;1446725102438;set pawn to 2|0;Player2;2|0
1446725603718;1446725104238;set pawn to 0|2;Player1;0|2
1446725603718;1446725105853;set pawn to 0|1;Player2;0|1
1446725603718;1446725107494;set pawn to 2|2;Player1;2|2
1446725603718;1446725107542;finish game;game;null
1446727111719;1446725083982;start game;game;started
1446727111719;1446725085766;set pawn to 2|0;Player1;2|0
1446727111719;1446725105853;set pawn to 2|1;Player2;2|1
1446727111719;1446725104238;set pawn to 2|1;Player1;2|1
1446727111719;1446725100478;set pawn to 1|0;Player1;1|0
1446727111719;1446725087358;set pawn to 1|1;Player2;1|1
1446727111719;1446725098510;set pawn to 1|2;Player2;1|2
1446727111719;1446725102438;set pawn to 0|0;Player2;0|0
1446727111719;1446725090926;set pawn to 0|1;Player1;0|1
1446727111719;1446725107494;set pawn to 0|2;Player1;0|2
1446727111719;1446725107542;finish game;game;null
1446729870943;1446725083982;start game;game;started
1446729870943;1446725085766;set pawn to 0|2;Player1;0|2
1446729870943;1446725105853;set pawn to 0|1;Player2;0|1
1446729870943;1446725104238;set pawn to 0|0;Player1;0|0
1446729870943;1446725100478;set pawn to 1|2;Player1;1|2
1446729870943;1446725087358;set pawn to 1|1;Player2;1|1
1446729870943;1446725098510;set pawn to 1|0;Player2;1|0
1446729870943;1446725102438;set pawn to 2|2;Player2;2|2
1446729870943;1446725090926;set pawn to 2|1;Player1;2|1
1446729870943;1446725107494;set pawn to 2|0;Player1;2|0
1446729870943;1446725107542;finish game;game;null
1446732577513;1446725083982;start game;game;started
1446732577513;1446725085766;set pawn to 0|0;Player1;0|0
1446732577513;1446725105853;set pawn to 1|0;Player2;1|0
1446732577513;1446725104238;set pawn to 2|0;Player1;2|0
1446732577513;1446725100478;set pawn to 0|1;Player1;0|1
1446732577513;1446725087358;set pawn to 1|1;Player2;1|1
1446732577513;1446725098510;set pawn to 2|1;Player2;2|1
1446732577513;1446725102438;set pawn to 0|2;Player2;0|2
1446732577513;1446725090926;set pawn to 1|2;Player1;1|2
1446732577513;1446725107494;set pawn to 2|2;Player1;2|2
1446732577513;1446725107542;finish game;game;null
1446727656386;1446725083982;start game;game;started
1446727656386;1446725085766;set pawn to 2|2;Player1;2|2
1446727656386;1446725105853;set pawn to 2|1;Player2;2|1
1446727656386;1446725104238;set pawn to 2|0;Player1;2|0
1446727656386;1446725100478;set pawn to 1|2;Player1;1|2
1446727656386;1446725087358;set pawn to 1|1;Player2;1|1
1446727656386;1446725098510;set pawn to 1|0;Player2;1|0
1446727656386;1446725102438;set pawn to 0|2;Player2;0|2
1446727656386;1446725090926;set pawn to 0|1;Player1;0|1
1446727656386;1446725107494;set pawn to 0|0;Player1;0|0
1446727656386;1446725107542;finish game;game;null
1446726128059;1446725109294;start game;game;started
1446726128059;1446725112357;set pawn to 1|1;Player1;1|1
1446726128059;1446725114485;set pawn to 0|0;Player2;0|0
1446726128059;1446725117485;set pawn to 2|1;Player1;2|1
1446726128059;1446725119029;set pawn to 0|1;Player2;0|1
1446726128059;1446725120525;set pawn to 0|2;Player1;0|2
1446726128059;1446725122925;set pawn to 2|0;Player2;2|0
1446726128059;1446725124476;set pawn to 1|0;Player1;1|0
1446726128059;1446725126188;set pawn to 1|2;Player2;1|2
1446726128059;1446725127524;set pawn to 2|2;Player1;2|2
1446726128059;1446725127558;finish game;game;null
1446726246852;1446725109294;start game;game;started
1446726246852;1446725114485;set pawn to 2|0;Player2;2|0
1446726246852;1446725119029;set pawn to 2|1;Player2;2|1
1446726246852;1446725120525;set pawn to 2|1;Player1;2|1
1446726246852;1446725124476;set pawn to 1|0;Player1;1|0
1446726246852;1446725112357;set pawn to 1|1;Player1;1|1
1446726246852;1446725126188;set pawn to 1|2;Player2;1|2
1446726246852;1446725122925;set pawn to 0|0;Player2;0|0
1446726246852;1446725117485;set pawn to 0|1;Player1;0|1
1446726246852;1446725127524;set pawn to 0|2;Player1;0|2
1446726246852;1446725127558;finish game;game;null
1446728955543;1446725109294;start game;game;started
1446728955543;1446725114485;set pawn to 0|2;Player2;0|2
1446728955543;1446725119029;set pawn to 0|1;Player2;0|1
1446728955543;1446725120525;set pawn to 0|0;Player1;0|0
1446728955543;1446725124476;set pawn to 1|2;Player1;1|2
1446728955543;1446725112357;set pawn to 1|1;Player1;1|1
1446728955543;1446725126188;set pawn to 1|0;Player2;1|0
1446728955543;1446725122925;set pawn to 2|2;Player2;2|2
1446728955543;1446725117485;set pawn to 2|1;Player1;2|1
1446728955543;1446725127524;set pawn to 2|0;Player1;2|0
1446728955543;1446725127558;finish game;game;null
1446725499310;1446725109294;start game;game;started
1446725499310;1446725114485;set pawn to 0|0;Player2;0|0
1446725499310;1446725119029;set pawn to 1|0;Player2;1|0
1446725499310;1446725120525;set pawn to 2|0;Player1;2|0
1446725499310;1446725124476;set pawn to 0|1;Player1;0|1
1446725499310;1446725112357;set pawn to 1|1;Player1;1|1
1446725499310;1446725126188;set pawn to 2|1;Player2;2|1
1446725499310;1446725122925;set pawn to 0|2;Player2;0|2
1446725499310;1446725117485;set pawn to 1|2;Player1;1|2
1446725499310;1446725127524;set pawn to 2|2;Player1;2|2
1446725499310;1446725127558;finish game;game;null
1446729300773;1446725109294;start game;game;started
1446729300773;1446725114485;set pawn to 2|2;Player2;2|2
1446729300773;1446725119029;set pawn to 2|1;Player2;2|1
1446729300773;1446725120525;set pawn to 2|0;Player1;2|0
1446729300773;1446725124476;set pawn to 1|2;Player1;1|2
1446729300773;1446725112357;set pawn to 1|1;Player1;1|1
1446729300773;1446725126188;set pawn to 1|0;Player2;1|0
1446729300773;1446725122925;set pawn to 0|2;Player2;0|2
1446729300773;1446725117485;set pawn to 0|1;Player1;0|1
1446729300773;1446725127524;set pawn to 0|0;Player1;0|0
1446729300773;1446725127558;finish game;game;null
1446726347599;1446725128533;start game;game;started
1446726347599;1446725130372;set pawn to 1|1;Player1;1|1
1446726347599;1446725133269;set pawn to 2|0;Player2;2|0
1446726347599;1446725140060;set pawn to 2|1;Player1;2|1
1446726347599;1446725142868;set pawn to 0|1;Player2;0|1
1446726347599;1446725151508;set pawn to 0|0;Player1;0|0
1446726347599;1446725153764;set pawn to 2|2;Player2;2|2
1446726347599;1446725156020;set pawn to 0|2;Player1;0|2
1446726347599;1446725161548;set pawn to 1|2;Player2;1|2
1446726347599;1446725163643;set pawn to 1|0;Player1;1|0
1446726347599;1446725163679;finish game;game;null
1446733749409;1446725128533;start game;game;started
1446733749409;1446725151508;set pawn to 2|0;Player1;2|0
1446733749409;1446725142868;set pawn to 2|1;Player2;2|1
1446733749409;1446725156020;set pawn to 2|1;Player1;2|1
1446733749409;1446725163643;set pawn to 1|0;Player1;1|0
1446733749409;1446725130372;set pawn to 1|1;Player1;1|1
1446733749409;1446725161548;set pawn to 1|2;Player2;1|2
1446733749409;1446725133269;set pawn to 0|0;Player2;0|0
1446733749409;1446725140060;set pawn to 0|1;Player1;0|1
1446733749409;1446725153764;set pawn to 0|2;Player2;0|2
1446733749409;1446725163679;finish game;game;null
1446733253509;1446725128533;start game;game;started
1446733253509;1446725151508;set pawn to 0|2;Player1;0|2
1446733253509;1446725142868;set pawn to 0|1;Player2;0|1
1446733253509;1446725156020;set pawn to 0|0;Player1;0|0
1446733253509;1446725163643;set pawn to 1|2;Player1;1|2
1446733253509;1446725130372;set pawn to 1|1;Player1;1|1
1446733253509;1446725161548;set pawn to 1|0;Player2;1|0
1446733253509;1446725133269;set pawn to 2|2;Player2;2|2
1446733253509;1446725140060;set pawn to 2|1;Player1;2|1
1446733253509;1446725153764;set pawn to 2|0;Player2;2|0
1446733253509;1446725163679;finish game;game;null
1446728580542;1446725128533;start game;game;started
1446728580542;1446725151508;set pawn to 0|0;Player1;0|0
1446728580542;1446725142868;set pawn to 1|0;Player2;1|0
1446728580542;1446725156020;set pawn to 2|0;Player1;2|0
1446728580542;1446725163643;set pawn to 0|1;Player1;0|1
1446728580542;1446725130372;set pawn to 1|1;Player1;1|1
1446728580542;1446725161548;set pawn to 2|1;Player2;2|1
1446728580542;1446725133269;set pawn to 0|2;Player2;0|2
1446728580542;1446725140060;set pawn to 1|2;Player1;1|2
1446728580542;1446725153764;set pawn to 2|2;Player2;2|2
1446728580542;1446725163679;finish game;game;null
1446734022278;1446725128533;start game;game;started
1446734022278;1446725151508;set pawn to 2|2;Player1;2|2
1446734022278;1446725142868;set pawn to 2|1;Player2;2|1
1446734022278;1446725156020;set pawn to 2|0;Player1;2|0
1446734022278;1446725163643;set pawn to 1|2;Player1;1|2
1446734022278;1446725130372;set pawn to 1|1;Player1;1|1
1446734022278;1446725161548;set pawn to 1|0;Player2;1|0
1446734022278;1446725133269;set pawn to 0|2;Player2;0|2
1446734022278;1446725140060;set pawn to 0|1;Player1;0|1
1446734022278;1446725153764;set pawn to 0|0;Player2;0|0
1446734022278;1446725163679;finish game;game;null
1446725187628;1446725165148;start game;game;started
1446725187628;1446725166219;set pawn to 1|1;Player1;1|1
1446725187628;1446725168339;set pawn to 1|2;Player2;1|2
1446725187628;1446725172227;set pawn to 0|1;Player1;0|1
1446725187628;1446725174155;set pawn to 2|1;Player2;2|1
1446725187628;1446725175659;set pawn to 2|2;Player1;2|2
1446725187628;1446725177730;set pawn to 0|0;Player2;0|0
1446725187628;1446725179651;set pawn to 2|0;Player1;2|0
1446725187628;1446725181475;set pawn to 0|2;Player2;0|2
1446725187628;1446725183626;set pawn to 1|0;Player1;1|0
1446725187628;1446725183652;finish game;game;null
1446735132754;1446725165148;start game;game;started
1446735132754;1446725177730;set pawn to 2|0;Player2;2|0
1446735132754;1446725172227;set pawn to 2|1;Player1;2|1
1446735132754;1446725181475;set pawn to 2|1;Player2;2|1
1446735132754;1446725183626;set pawn to 1|0;Player1;1|0
1446735132754;1446725166219;set pawn to 1|1;Player1;1|1
1446735132754;1446725168339;set pawn to 1|2;Player2;1|2
1446735132754;1446725179651;set pawn to 0|0;Player1;0|0
1446735132754;1446725174155;set pawn to 0|1;Player2;0|1
1446735132754;1446725175659;set pawn to 0|2;Player1;0|2
1446735132754;1446725183652;finish game;game;null
1446733785540;1446725165148;start game;game;started
1446733785540;1446725177730;set pawn to 0|2;Player2;0|2
1446733785540;1446725172227;set pawn to 0|1;Player1;0|1
1446733785540;1446725181475;set pawn to 0|0;Player2;0|0
1446733785540;1446725183626;set pawn to 1|2;Player1;1|2
1446733785540;1446725166219;set pawn to 1|1;Player1;1|1
1446733785540;1446725168339;set pawn to 1|0;Player2;1|0
1446733785540;1446725179651;set pawn to 2|2;Player1;2|2
1446733785540;1446725174155;set pawn to 2|1;Player2;2|1
1446733785540;1446725175659;set pawn to 2|0;Player1;2|0
1446733785540;1446725183652;finish game;game;null
1446731337842;1446725165148;start game;game;started
1446731337842;1446725177730;set pawn to 0|0;Player2;0|0
1446731337842;1446725172227;set pawn to 1|0;Player1;1|0
1446731337842;1446725181475;set pawn to 2|0;Player2;2|0
1446731337842;1446725183626;set pawn to 0|1;Player1;0|1
1446731337842;1446725166219;set pawn to 1|1;Player1;1|1
1446731337842;1446725168339;set pawn to 2|1;Player2;2|1
1446731337842;1446725179651;set pawn to 0|2;Player1;0|2
1446731337842;1446725174155;set pawn to 1|2;Player2;1|2
1446731337842;1446725175659;set pawn to 2|2;Player1;2|2
1446731337842;1446725183652;finish game;game;null
1446727979629;1446725165148;start game;game;started
1446727979629;1446725177730;set pawn to 2|2;Player2;2|2
1446727979629;1446725172227;set pawn to 2|1;Player1;2|1
1446727979629;1446725181475;set pawn to 2|0;Player2;2|0
1446727979629;1446725183626;set pawn to 1|2;Player1;1|2
1446727979629;1446725166219;set pawn to 1|1;Player1;1|1
1446727979629;1446725168339;set pawn to 1|0;Player2;1|0
1446727979629;1446725179651;set pawn to 0|2;Player1;0|2
1446727979629;1446725174155;set pawn to 0|1;Player2;0|1
1446727979629;1446725175659;set pawn to 0|0;Player1;0|0
1446727979629;1446725183652;finish game;game;null
1446728487142;1446725185399;start game;game;started
1446728487142;1446725185794;set pawn to 1|1;Player1;1|1
1446728487142;1446725188274;set pawn to 0|2;Player2;0|2
1446728487142;1446725204522;set pawn to 2|1;Player1;2|1
1446728487142;1446725206314;set pawn to 0|1;Player2;0|1
1446728487142;1446725207770;set pawn to 0|0;Player1;0|0
1446728487142;1446725209482;set pawn to 2|2;Player2;2|2
1446728487142;1446725210706;set pawn to 1|2;Player1;1|2
1446728487142;1446725212290;set pawn to 1|0;Player2;1|0
1446728487142;1446725213618;set pawn to 2|0;Player1;2|0
1446728487142;1446725213646;finish game;game;null
1446729192860;1446725185399;start game;game;started
1446729192860;1446725207770;set pawn to 2|0;Player1;2|0
1446729192860;1446725206314;set pawn to 2|1;Player2;2|1
1446729192860;1446725188274;set pawn to 2|1;Player2;2|1
1446729192860;1446725212290;set pawn to 1|0;Player2;1|0
1446729192860;1446725185794;set pawn to 1|1;Player1;1|1
1446729192860;1446725210706;set pawn to 1|2;Player1;1|2
1446729192860;1446725213618;set pawn to 0|0;Player1;0|0
1446729192860;1446725204522;set pawn to 0|1;Player1;0|1
1446729192860;1446725209482;set pawn to 0|2;Player2;0|2
1446729192860;1446725213646;finish game;game;null
1446730179692;1446725185399;start game;game;started
1446730179692;1446725207770;set pawn to 0|2;Player1;0|2
1446730179692;1446725206314;set pawn to 0|1;Player2;0|1
1446730179692;1446725188274;set pawn to 0|0;Player2;0|0
1446730179692;1446725212290;set pawn to 1|2;Player2;1|2
1446730179692;1446725185794;set pawn to 1|1;Player1;1|1
1446730179692;1446725210706;set pawn to 1|0;Player1;1|0
1446730179692;1446725213618;set pawn to 2|2;Player1;2|2
1446730179692;1446725204522;set pawn to 2|1;Player1;2|1
1446730179692;1446725209482;set pawn to 2|0;Player2;2|0
1446730179692;1446725213646;finish game;game;null
1446730004691;1446725185399;start game;game;started
1446730004691;1446725207770;set pawn to 0|0;Player1;0|0
1446730004691;1446725206314;set pawn to 1|0;Player2;1|0
1446730004691;1446725188274;set pawn to 2|0;Player2;2|0
1446730004691;1446725212290;set pawn to 0|1;Player2;0|1
1446730004691;1446725185794;set pawn to 1|1;Player1;1|1
1446730004691;1446725210706;set pawn to 2|1;Player1;2|1
1446730004691;1446725213618;set pawn to 0|2;Player1;0|2
1446730004691;1446725204522;set pawn to 1|2;Player1;1|2
1446730004691;1446725209482;set pawn to 2|2;Player2;2|2
1446730004691;1446725213646;finish game;game;null
1446725676979;1446725185399;start game;game;started
1446725676979;1446725207770;set pawn to 2|2;Player1;2|2
1446725676979;1446725206314;set pawn to 2|1;Player2;2|1
1446725676979;1446725188274;set pawn to 2|0;Player2;2|0
1446725676979;1446725212290;set pawn to 1|2;Player2;1|2
1446725676979;1446725185794;set pawn to 1|1;Player1;1|1
1446725676979;1446725210706;set pawn to 1|0;Player1;1|0
1446725676979;1446725213618;set pawn to 0|2;Player1;0|2
1446725676979;1446725204522;set pawn to 0|1;Player1;0|1
1446725676979;1446725209482;set pawn to 0|0;Player2;0|0
1446725676979;1446725213646;finish game;game;null
1446727135702;1446725216402;start game;game;started
1446727135702;1446725217961;set pawn to 1|1;Player1;1|1
1446727135702;1446725219689;set pawn to 2|0;Player2;2|0
1446727135702;1446725221442;set pawn to 2|2;Player1;2|2
1446727135702;1446725223273;set pawn to 0|0;Player2;0|0
1446727135702;1446725226033;set pawn to 1|0;Player1;1|0
1446727135702;1446725227569;set pawn to 1|2;Player2;1|2
1446727135702;1446725233273;set pawn to 0|1;Player1;0|1
1446727135702;1446725234753;set pawn to 2|1;Player2;2|1
1446727135702;1446725236177;set pawn to 0|2;Player1;0|2
1446727135702;1446725236216;finish game;game;null
1446727390345;1446725216402;start game;game;started
1446727390345;1446725223273;set pawn to 2|0;Player2;2|0
1446727390345;1446725233273;set pawn to 2|1;Player1;2|1
1446727390345;1446725236177;set pawn to 2|1;Player1;2|1
1446727390345;1446725226033;set pawn to 1|0;Player1;1|0
1446727390345;1446725217961;set pawn to 1|1;Player1;1|1
1446727390345;1446725227569;set pawn to 1|2;Player2;1|2
1446727390345;1446725219689;set pawn to 0|0;Player2;0|0
1446727390345;1446725234753;set pawn to 0|1;Player2;0|1
1446727390345;1446725221442;set pawn to 0|2;Player1;0|2
1446727390345;1446725236216;finish game;game;null
1446734298036;1446725216402;start game;game;started
1446734298036;1446725223273;set pawn to 0|2;Player2;0|2
1446734298036;1446725233273;set pawn to 0|1;Player1;0|1
1446734298036;1446725236177;set pawn to 0|0;Player1;0|0
1446734298036;1446725226033;set pawn to 1|2;Player1;1|2
1446734298036;1446725217961;set pawn to 1|1;Player1;1|1
1446734298036;1446725227569;set pawn to 1|0;Player2;1|0
1446734298036;1446725219689;set pawn to 2|2;Player2;2|2
1446734298036;1446725234753;set pawn to 2|1;Player2;2|1
1446734298036;1446725221442;set pawn to 2|0;Player1;2|0
1446734298036;1446725236216;finish game;game;null
1446728377504;1446725216402;start game;game;started
1446728377504;1446725223273;set pawn to 0|0;Player2;0|0
1446728377504;1446725233273;set pawn to 1|0;Player1;1|0
1446728377504;1446725236177;set pawn to 2|0;Player1;2|0
1446728377504;1446725226033;set pawn to 0|1;Player1;0|1
1446728377504;1446725217961;set pawn to 1|1;Player1;1|1
1446728377504;1446725227569;set pawn to 2|1;Player2;2|1
1446728377504;1446725219689;set pawn to 0|2;Player2;0|2
1446728377504;1446725234753;set pawn to 1|2;Player2;1|2
1446728377504;1446725221442;set pawn to 2|2;Player1;2|2
1446728377504;1446725236216;finish game;game;null
1446735213644;1446725216402;start game;game;started
1446735213644;1446725223273;set pawn to 2|2;Player2;2|2
1446735213644;1446725233273;set pawn to 2|1;Player1;2|1
1446735213644;1446725236177;set pawn to 2|0;Player1;2|0
1446735213644;1446725226033;set pawn to 1|2;Player1;1|2
1446735213644;1446725217961;set pawn to 1|1;Player1;1|1
1446735213644;1446725227569;set pawn to 1|0;Player2;1|0
1446735213644;1446725219689;set pawn to 0|2;Player2;0|2
1446735213644;1446725234753;set pawn to 0|1;Player2;0|1
1446735213644;1446725221442;set pawn to 0|0;Player1;0|0
1446735213644;1446725236216;finish game;game;null
1446732882880;1446725241745;start game;game;started
1446732882880;1446725242161;set pawn to 1|1;Artificial Intelligence2;1|1
1446732882880;1446725243520;set pawn to 2|0;Player1;2|0
1446732882880;1446725243611;set pawn to 0|2;Artificial Intelligence2;0|2
1446732882880;1446725247976;set pawn to 1|0;Player1;1|0
1446732882880;1446725248075;set pawn to 2|1;Artificial Intelligence2;2|1
1446732882880;1446725249888;set pawn to 0|0;Player1;0|0
1446732882880;1446725249919;finish game;game;Player1
1446730417741;1446725241745;start game;game;started
1446730417741;1446725249888;set pawn to 2|0;Player1;2|0
1446730417741;1446725243611;set pawn to 2|1;Artificial Intelligence2;2|1
1446730417741;1446725247976;set pawn to 1|0;Player1;1|0
1446730417741;1446725242161;set pawn to 1|1;Artificial Intelligence2;1|1
1446730417741;1446725243520;set pawn to 0|0;Player1;0|0
1446730417741;1446725248075;set pawn to 0|1;Artificial Intelligence2;0|1
1446730417741;1446725249919;finish game;game;Player1
1446729132262;1446725241745;start game;game;started
1446729132262;1446725249888;set pawn to 0|2;Player1;0|2
1446729132262;1446725243611;set pawn to 0|0;Artificial Intelligence2;0|0
1446729132262;1446725247976;set pawn to 1|2;Player1;1|2
1446729132262;1446725242161;set pawn to 1|1;Artificial Intelligence2;1|1
1446729132262;1446725243520;set pawn to 2|2;Player1;2|2
1446729132262;1446725248075;set pawn to 2|1;Artificial Intelligence2;2|1
1446729132262;1446725249919;finish game;game;Player1
1446729368824;1446725241745;start game;game;started
1446729368824;1446725249888;set pawn to 0|0;Player1;0|0
1446729368824;1446725243611;set pawn to 2|0;Artificial Intelligence2;2|0
1446729368824;1446725247976;set pawn to 0|1;Player1;0|1
1446729368824;1446725242161;set pawn to 1|1;Artificial Intelligence2;1|1
1446729368824;1446725243520;set pawn to 0|2;Player1;0|2
1446729368824;1446725248075;set pawn to 1|2;Artificial Intelligence2;1|2
1446729368824;1446725249919;finish game;game;Player1
1446729176005;1446725241745;start game;game;started
1446729176005;1446725249888;set pawn to 2|2;Player1;2|2
1446729176005;1446725243611;set pawn to 2|0;Artificial Intelligence2;2|0
1446729176005;1446725247976;set pawn to 1|2;Player1;1|2
1446729176005;1446725242161;set pawn to 1|1;Artificial Intelligence2;1|1
1446729176005;1446725243520;set pawn to 0|2;Player1;0|2
1446729176005;1446725248075;set pawn to 0|1;Artificial Intelligence2;0|1
1446729176005;1446725249919;finish game;game;Player1
1446730974944;1446725251169;start game;game;started
1446730974944;1446725251888;set pawn to 2|0;Player1;2|0
1446730974944;1446725252000;set pawn to 1|1;Artificial Intelligence2;1|1
1446730974944;1446725253072;set pawn to 1|0;Player1;1|0
1446730974944;1446725253158;set pawn to 2|1;Artificial Intelligence2;2|1
1446730974944;1446725254691;set pawn to 0|0;Player1;0|0
1446730974944;1446725254746;finish game;game;Player1
1446725556452;1446725251169;start game;game;started
1446725556452;1446725254691;set pawn to 2|0;Player1;2|0
1446725556452;1446725253072;set pawn to 1|0;Player1;1|0
1446725556452;1446725252000;set pawn to 1|1;Artificial Intelligence2;1|1
1446725556452;1446725251888;set pawn to 0|0;Player1;0|0
1446725556452;1446725253158;set pawn to 0|1;Artificial Intelligence2;0|1
1446725556452;1446725254746;finish game;game;Player1
1446734080894;1446725251169;start game;game;started
1446734080894;1446725254691;set pawn to 0|2;Player1;0|2
1446734080894;1446725253072;set pawn to 1|2;Player1;1|2
1446734080894;1446725252000;set pawn to 1|1;Artificial Intelligence2;1|1
1446734080894;1446725251888;set pawn to 2|2;Player1;2|2
1446734080894;1446725253158;set pawn to 2|1;Artificial Intelligence2;2|1
1446734080894;1446725254746;finish game;game;Player1
1446726852613;1446725251169;start game;game;started
1446726852613;1446725254691;set pawn to 0|0;Player1;0|0
1446726852613;1446725253072;set pawn to 0|1;Player1;0|1
1446726852613;1446725252000;set pawn to 1|1;Artificial Intelligence2;1|1
1446726852613;1446725251888;set pawn to 0|2;Player1;0|2
1446726852613;1446725253158;set pawn to 1|2;Artificial Intelligence2;1|2
1446726852613;1446725254746;finish game;game;Player1
1446725825854;1446725251169;start game;game;started
1446725825854;1446725254691;set pawn to 2|2;Player1;2|2
1446725825854;1446725253072;set pawn to 1|2;Player1;1|2
1446725825854;1446725252000;set pawn to 1|1;Artificial Intelligence2;1|1
1446725825854;1446725251888;set pawn to 0|2;Player1;0|2
1446725825854;1446725253158;set pawn to 0|1;Artificial Intelligence2;0|1
1446725825854;1446725254746;finish game;game;Player1
1446735139256;1446725261958;start game;game;started
1446735139256;1446725262792;set pawn to 2|0;Player1;2|0
1446735139256;1446725262879;set pawn to 0|2;Artificial Intelligence2;0|2
1446735139256;1446725270336;set pawn to 1|0;Player1;1|0
1446735139256;1446725270450;set pawn to 1|2;Artificial Intelligence2;1|2
1446735139256;1446725272199;set pawn to 0|0;Player1;0|0
1446735139256;1446725272228;finish game;game;Player1
1446731489006;1446725261958;start game;game;started
1446731489006;1446725272199;set pawn to 2|0;Player1;2|0
1446731489006;1446725262879;set pawn to 2|1;Artificial Intelligence2;2|1
1446731489006;1446725270336;set pawn to 1|0;Player1;1|0
1446731489006;1446725270450;set pawn to 1|2;Artificial Intelligence2;1|2
1446731489006;1446725262792;set pawn to 0|0;Player1;0|0
1446731489006;1446725272228;finish game;game;Player1
1446730722118;1446725261958;start game;game;started
1446730722118;1446725272199;set pawn to 0|2;Player1;0|2
1446730722118;1446725262879;set pawn to 0|0;Artificial Intelligence2;0|0
1446730722118;1446725270336;set pawn to 1|2;Player1;1|2
1446730722118;1446725270450;set pawn to 1|0;Artificial Intelligence2;1|0
1446730722118;1446725262792;set pawn to 2|2;Player1;2|2
1446730722118;1446725272228;finish game;game;Player1
1446726284083;1446725261958;start game;game;started
1446726284083;1446725272199;set pawn to 0|0;Player1;0|0
1446726284083;1446725262879;set pawn to 2|0;Artificial Intelligence2;2|0
1446726284083;1446725270336;set pawn to 0|1;Player1;0|1
1446726284083;1446725270450;set pawn to 2|1;Artificial Intelligence2;2|1
1446726284083;1446725262792;set pawn to 0|2;Player1;0|2
1446726284083;1446725272228;finish game;game;Player1
1446731347938;1446725261958;start game;game;started
1446731347938;1446725272199;set pawn to 2|2;Player1;2|2
1446731347938;1446725262879;set pawn to 2|0;Artificial Intelligence2;2|0
1446731347938;1446725270336;set pawn to 1|2;Player1;1|2
1446731347938;1446725270450;set pawn to 1|0;Artificial Intelligence2;1|0
1446731347938;1446725262792;set pawn to 0|2;Player1;0|2
1446731347938;1446725272228;finish game;game;Player1
1446729510786;1446725273056;start game;game;started
1446729510786;1446725273390;set pawn to 0|2;Artificial Intelligence2;0|2
1446729510786;1446725273535;set pawn to 2|0;Player1;2|0
1446729510786;1446725273609;set pawn to 0|1;Artificial Intelligence2;0|1
1446729510786;1446725274727;set pawn to 1|1;Player1;1|1
1446729510786;1446725274804;set pawn to 0|0;Artificial Intelligence2;0|0
1446729510786;1446725274846;finish game;game;Artificial Intelligence2
1446727901432;1446725273056;start game;game;started
1446727901432;1446725274804;set pawn to 2|0;Artificial Intelligence2;2|0
1446727901432;1446725273609;set pawn to 2|1;Artificial Intelligence2;2|1
1446727901432;1446725273390;set pawn to 2|1;Artificial Intelligence2;2|1
1446727901432;1446725274727;set pawn to 1|1;Player1;1|1
1446727901432;1446725273535;set pawn to 0|0;Player1;0|0
1446727901432;1446725274846;finish game;game;Artificial Intelligence2
1446730863442;1446725273056;start game;game;started
1446730863442;1446725274804;set pawn to 0|2;Artificial Intelligence2;0|2
1446730863442;1446725273609;set pawn to 0|1;Artificial Intelligence2;0|1
1446730863442;1446725273390;set pawn to 0|0;Artificial Intelligence2;0|0
1446730863442;1446725274727;set pawn to 1|1;Player1;1|1
1446730863442;1446725273535;set pawn to 2|2;Player1;2|2
1446730863442;1446725274846;finish game;game;Artificial Intelligence2
1446725936631;1446725273056;start game;game;started
1446725936631;1446725274804;set pawn to 0|0;Artificial Intelligence2;0|0
1446725936631;1446725273609;set pawn to 1|0;Artificial Intelligence2;1|0
1446725936631;1446725273390;set pawn to 2|0;Artificial Intelligence2;2|0
1446725936631;1446725274727;set pawn to 1|1;Player1;1|1
1446725936631;1446725273535;set pawn to 0|2;Player1;0|2
1446725936631;1446725274846;finish game;game;Artificial Intelligence2
1446730084332;1446725273056;start game;game;started
1446730084332;1446725274804;set pawn to 2|2;Artificial Intelligence2;2|2
1446730084332;1446725273609;set pawn to 2|1;Artificial Intelligence2;2|1
1446730084332;1446725273390;set pawn to 2|0;Artificial Intelligence2;2|0
1446730084332;1446725274727;set pawn to 1|1;Player1;1|1
1446730084332;1446725273535;set pawn to 0|2;Player1;0|2
1446730084332;1446725274846;finish game;game;Artificial Intelligence2
1446725812070;1446725279416;start game;game;started
1446725812070;1446725279712;set pawn to 0|2;Artificial Intelligence2;0|2
1446725812070;1446725279887;set pawn to 2|0;Player1;2|0
1446725812070;1446725279967;set pawn to 0|1;Artificial Intelligence2;0|1
1446725812070;1446725280999;set pawn to 0|0;Player1;0|0
1446725812070;1446725281082;set pawn to 2|2;Artificial Intelligence2;2|2
1446725812070;1446725283247;set pawn to 1|0;Player1;1|0
1446725812070;1446725283274;finish game;game;Player1
1446728952278;1446725279416;start game;game;started
1446728952278;1446725280999;set pawn to 2|0;Player1;2|0
1446728952278;1446725279967;set pawn to 2|1;Artificial Intelligence2;2|1
1446728952278;1446725279712;set pawn to 2|1;Artificial Intelligence2;2|1
1446728952278;1446725283247;set pawn to 1|0;Player1;1|0
1446728952278;1446725279887;set pawn to 0|0;Player1;0|0
1446728952278;1446725281082;set pawn to 0|2;Artificial Intelligence2;0|2
1446728952278;1446725283274;finish game;game;Player1
1446728720874;1446725279416;start game;game;started
1446728720874;1446725280999;set pawn to 0|2;Player1;0|2
1446728720874;1446725279967;set pawn to 0|1;Artificial Intelligence2;0|1
1446728720874;1446725279712;set pawn to 0|0;Artificial Intelligence2;0|0
1446728720874;1446725283247;set pawn to 1|2;Player1;1|2
1446728720874;1446725279887;set pawn to 2|2;Player1;2|2
1446728720874;1446725281082;set pawn to 2|0;Artificial Intelligence2;2|0
1446728720874;1446725283274;finish game;game;Player1
1446734855422;1446725279416;start game;game;started
1446734855422;1446725280999;set pawn to 0|0;Player1;0|0
1446734855422;1446725279967;set pawn to 1|0;Artificial Intelligence2;1|0
1446734855422;1446725279712;set pawn to 2|0;Artificial Intelligence2;2|0
1446734855422;1446725283247;set pawn to 0|1;Player1;0|1
1446734855422;1446725279887;set pawn to 0|2;Player1;0|2
1446734855422;1446725281082;set pawn to 2|2;Artificial Intelligence2;2|2
1446734855422;1446725283274;finish game;game;Player1
1446734909240;1446725279416;start game;game;started
1446734909240;1446725280999;set pawn to 2|2;Player1;2|2
1446734909240;1446725279967;set pawn to 2|1;Artificial Intelligence2;2|1
1446734909240;1446725279712;set pawn to 2|0;Artificial Intelligence2;2|0
1446734909240;1446725283247;set pawn to 1|2;Player1;1|2
1446734909240;1446725279887;set pawn to 0|2;Player1;0|2
1446734909240;1446725281082;set pawn to 0|0;Artificial Intelligence2;0|0
1446734909240;1446725283274;finish game;game;Player1
1446732571204;1446725284021;start game;game;started
1446732571204;1446725284631;set pawn to 2|0;Player1;2|0
1446732571204;1446725284702;set pawn to 1|0;Artificial Intelligence2;1|0
1446732571204;1446725286751;set pawn to 1|1;Player1;1|1
1446732571204;1446725286874;set pawn to 1|2;Artificial Intelligence2;1|2
1446732571204;1446725287759;set pawn to 0|2;Player1;0|2
1446732571204;1446725287787;finish game;game;Player1
1446735179308;1446725284021;start game;game;started
1446735179308;1446725287759;set pawn to 2|1;Player1;2|1
1446735179308;1446725284702;set pawn to 1|0;Artificial Intelligence2;1|0
1446735179308;1446725286751;set pawn to 1|1;Player1;1|1
1446735179308;1446725286874;set pawn to 1|2;Artificial Intelligence2;1|2
1446735179308;1446725284631;set pawn to 0|0;Player1;0|0
1446735179308;1446725287787;finish game;game;Player1
1446733797995;1446725284021;start game;game;started
1446733797995;1446725287759;set pawn to 0|0;Player1;0|0
1446733797995;1446725284702;set pawn to 1|2;Artificial Intelligence2;1|2
1446733797995;1446725286751;set pawn to 1|1;Player1;1|1
1446733797995;1446725286874;set pawn to 1|0;Artificial Intelligence2;1|0
1446733797995;1446725284631;set pawn to 2|2;Player1;2|2
1446733797995;1446725287787;finish game;game;Player1
1446733146968;1446725284021;start game;game;started
1446733146968;1446725287759;set pawn to 2|0;Player1;2|0
1446733146968;1446725284702;set pawn to 0|1;Artificial Intelligence2;0|1
1446733146968;1446725286751;set pawn to 1|1;Player1;1|1
1446733146968;1446725286874;set pawn to 2|1;Artificial Intelligence2;2|1
1446733146968;1446725284631;set pawn to 0|2;Player1;0|2
1446733146968;1446725287787;finish game;game;Player1
1446730274044;1446725284021;start game;game;started
1446730274044;1446725287759;set pawn to 2|0;Player1;2|0
1446730274044;1446725284702;set pawn to 1|2;Artificial Intelligence2;1|2
1446730274044;1446725286751;set pawn to 1|1;Player1;1|1
1446730274044;1446725286874;set pawn to 1|0;Artificial Intelligence2;1|0
1446730274044;1446725284631;set pawn to 0|2;Player1;0|2
1446730274044;1446725287787;finish game;game;Player1
1446726033602;1446725293895;start game;game;started
1446726033602;1446725294243;set pawn to 0|2;Artificial Intelligence2;0|2
1446726033602;1446725296510;set pawn to 1|1;Player1;1|1
1446726033602;1446725296690;set pawn to 2|1;Artificial Intelligence2;2|1
1446726033602;1446725298223;set pawn to 2|2;Player1;2|2
1446726033602;1446725298329;set pawn to 0|0;Artificial Intelligence2;0|0
1446726033602;1446725299735;set pawn to 0|1;Player1;0|1
1446726033602;1446725299864;set pawn to 1|2;Artificial Intelligence2;1|2
1446726033602;1446725303022;set pawn to 2|0;Player1;2|0
1446726033602;1446725303150;set pawn to 1|0;Artificial Intelligence2;1|0
1446726033602;1446725303184;finish game;game;null
1446730052425;1446725293895;start game;game;started
1446730052425;1446725298329;set pawn to 2|0;Artificial Intelligence2;2|0
1446730052425;1446725299735;set pawn to 2|1;Player1;2|1
1446730052425;1446725294243;set pawn to 2|1;Artificial Intelligence2;2|1
1446730052425;1446725303150;set pawn to 1|0;Artificial Intelligence2;1|0
1446730052425;1446725296510;set pawn to 1|1;Player1;1|1
1446730052425;1446725299864;set pawn to 1|2;Artificial Intelligence2;1|2
1446730052425;1446725303022;set pawn to 0|0;Player1;0|0
1446730052425;1446725296690;set pawn to 0|1;Artificial Intelligence2;0|1
1446730052425;1446725298223;set pawn to 0|2;Player1;0|2
1446730052425;1446725303184;finish game;game;null
1446728340435;1446725293895;start game;game;started
1446728340435;1446725298329;set pawn to 0|2;Artificial Intelligence2;0|2
1446728340435;1446725299735;set pawn to 0|1;Player1;0|1
1446728340435;1446725294243;set pawn to 0|0;Artificial Intelligence2;0|0
1446728340435;1446725303150;set pawn to 1|2;Artificial Intelligence2;1|2
1446728340435;1446725296510;set pawn to 1|1;Player1;1|1
1446728340435;1446725299864;set pawn to 1|0;Artificial Intelligence2;1|0
1446728340435;1446725303022;set pawn to 2|2;Player1;2|2
1446728340435;1446725296690;set pawn to 2|1;Artificial Intelligence2;2|1
1446728340435;1446725298223;set pawn to 2|0;Player1;2|0
1446728340435;1446725303184;finish game;game;null
1446729694928;1446725293895;start game;game;started
1446729694928;1446725298329;set pawn to 0|0;Artificial Intelligence2;0|0
1446729694928;1446725299735;set pawn to 1|0;Player1;1|0
1446729694928;1446725294243;set pawn to 2|0;Artificial Intelligence2;2|0
1446729694928;1446725303150;set pawn to 0|1;Artificial Intelligence2;0|1
1446729694928;1446725296510;set pawn to 1|1;Player1;1|1
1446729694928;1446725299864;set pawn to 2|1;Artificial Intelligence2;2|1
1446729694928;1446725303022;set pawn to 0|2;Player1;0|2
1446729694928;1446725296690;set pawn to 1|2;Artificial Intelligence2;1|2
1446729694928;1446725298223;set pawn to 2|2;Player1;2|2
1446729694928;1446725303184;finish game;game;null
1446730648356;1446725293895;start game;game;started
1446730648356;1446725298329;set pawn to 2|2;Artificial Intelligence2;2|2
1446730648356;1446725299735;set pawn to 2|1;Player1;2|1
1446730648356;1446725294243;set pawn to 2|0;Artificial Intelligence2;2|0
1446730648356;1446725303150;set pawn to 1|2;Artificial Intelligence2;1|2
1446730648356;1446725296510;set pawn to 1|1;Player1;1|1
1446730648356;1446725299864;set pawn to 1|0;Artificial Intelligence2;1|0
1446730648356;1446725303022;set pawn to 0|2;Player1;0|2
1446730648356;1446725296690;set pawn to 0|1;Artificial Intelligence2;0|1
1446730648356;1446725298223;set pawn to 0|0;Player1;0|0
1446730648356;1446725303184;finish game;game;null
1446727236771;1446725304607;start game;game;started
1446727236771;1446725308510;set pawn to 1|1;Player1;1|1
1446727236771;1446725308628;set pawn to 2|0;Artificial Intelligence2;2|0
1446727236771;1446725310855;set pawn to 2|1;Player1;2|1
1446727236771;1446725310938;set pawn to 0|1;Artificial Intelligence2;0|1
1446727236771;1446725317990;set pawn to 2|2;Player1;2|2
1446727236771;1446725318108;set pawn to 1|2;Artificial Intelligence2;1|2
1446727236771;1446725319310;set pawn to 0|0;Player1;0|0
1446727236771;1446725319333;finish game;game;Player1
1446729337172;1446725304607;start game;game;started
1446729337172;1446725319310;set pawn to 2|0;Player1;2|0
1446729337172;1446725310938;set pawn to 2|1;Artificial Intelligence2;2|1
1446729337172;1446725308510;set pawn to 1|1;Player1;1|1
1446729337172;1446725318108;set pawn to 1|2;Artificial Intelligence2;1|2
1446729337172;1446725308628;set pawn to 0|0;Artificial Intelligence2;0|0
1446729337172;1446725310855;set pawn to 0|1;Player1;0|1
1446729337172;1446725317990;set pawn to 0|2;Player1;0|2
1446729337172;1446725319333;finish game;game;Player1
1446731943191;1446725304607;start game;game;started
1446731943191;1446725319310;set pawn to 0|2;Player1;0|2
1446731943191;1446725310938;set pawn to 0|1;Artificial Intelligence2;0|1
1446731943191;1446725308510;set pawn to 1|1;Player1;1|1
1446731943191;1446725318108;set pawn to 1|0;Artificial Intelligence2;1|0
1446731943191;1446725308628;set pawn to 2|2;Artificial Intelligence2;2|2
1446731943191;1446725310855;set pawn to 2|1;Player1;2|1
1446731943191;1446725317990;set pawn to 2|0;Player1;2|0
1446731943191;1446725319333;finish game;game;Player1
1446729870890;1446725304607;start game;game;started
1446729870890;1446725319310;set pawn to 0|0;Player1;0|0
1446729870890;1446725310938;set pawn to 1|0;Artificial Intelligence2;1|0
1446729870890;1446725308510;set pawn to 1|1;Player1;1|1
1446729870890;1446725318108;set pawn to 2|1;Artificial Intelligence2;2|1
1446729870890;1446725308628;set pawn to 0|2;Artificial Intelligence2;0|2
1446729870890;1446725310855;set pawn to 1|2;Player1;1|2
1446729870890;1446725317990;set pawn to 2|2;Player1;2|2
1446729870890;1446725319333;finish game;game;Player1
1446731429308;1446725304607;start game;game;started
1446731429308;1446725319310;set pawn to 2|2;Player1;2|2
1446731429308;1446725310938;set pawn to 2|1;Artificial Intelligence2;2|1
1446731429308;1446725308510;set pawn to 1|1;Player1;1|1
1446731429308;1446725318108;set pawn to 1|0;Artificial Intelligence2;1|0
1446731429308;1446725308628;set pawn to 0|2;Artificial Intelligence2;0|2
1446731429308;1446725310855;set pawn to 0|1;Player1;0|1
1446731429308;1446725317990;set pawn to 0|0;Player1;0|0
1446731429308;1446725319333;finish game;game;Player1
1446732615769;1446725320334;start game;game;started
1446732615769;1446725320699;set pawn to 0|2;Artificial Intelligence2;0|2
1446732615769;1446725321934;set pawn to 1|1;Player1;1|1
1446732615769;1446725322009;set pawn to 0|1;Artificial Intelligence2;0|1
1446732615769;1446725323150;set pawn to 0|0;Player1;0|0
1446732615769;1446725323247;set pawn to 1|2;Artificial Intelligence2;1|2
1446732615769;1446725324454;set pawn to 2|2;Player1;2|2
1446732615769;1446725324479;finish game;game;Player1
1446733715369;1446725320334;start game;game;started
1446733715369;1446725323150;set pawn to 2|0;Player1;2|0
1446733715369;1446725322009;set pawn to 2|1;Artificial Intelligence2;2|1
1446733715369;1446725320699;set pawn to 2|1;Artificial Intelligence2;2|1
1446733715369;1446725321934;set pawn to 1|1;Player1;1|1
1446733715369;1446725323247;set pawn to 1|2;Artificial Intelligence2;1|2
1446733715369;1446725324454;set pawn to 0|2;Player1;0|2
1446733715369;1446725324479;finish game;game;Player1
1446732827620;1446725320334;start game;game;started
1446732827620;1446725323150;set pawn to 0|2;Player1;0|2
1446732827620;1446725322009;set pawn to 0|1;Artificial Intelligence2;0|1
1446732827620;1446725320699;set pawn to 0|0;Artificial Intelligence2;0|0
1446732827620;1446725321934;set pawn to 1|1;Player1;1|1
1446732827620;1446725323247;set pawn to 1|0;Artificial Intelligence2;1|0
1446732827620;1446725324454;set pawn to 2|0;Player1;2|0
1446732827620;1446725324479;finish game;game;Player1
1446732501068;1446725320334;start game;game;started
1446732501068;1446725323150;set pawn to 0|0;Player1;0|0
1446732501068;1446725322009;set pawn to 1|0;Artificial Intelligence2;1|0
1446732501068;1446725320699;set pawn to 2|0;Artificial Intelligence2;2|0
1446732501068;1446725321934;set pawn to 1|1;Player1;1|1
1446732501068;1446725323247;set pawn to 2|1;Artificial Intelligence2;2|1
1446732501068;1446725324454;set pawn to 2|2;Player1;2|2
1446732501068;1446725324479;finish game;game;Player1
1446725873365;1446725320334;start game;game;started
1446725873365;1446725323150;set pawn to 2|2;Player1;2|2
1446725873365;1446725322009;set pawn to 2|1;Artificial Intelligence2;2|1
1446725873365;1446725320699;set pawn to 2|0;Artificial Intelligence2;2|0
1446725873365;1446725321934;set pawn to 1|1;Player1;1|1
1446725873365;1446725323247;set pawn to 1|0;Artificial Intelligence2;1|0
1446725873365;1446725324454;set pawn to 0|0;Player1;0|0
1446725873365;1446725324479;finish game;game;Player1
1446731581384;1446725325321;start game;game;started
1446731581384;1446725325682;set pawn to 0|2;Artificial Intelligence2;0|2
1446731581384;1446725325737;set pawn to 1|1;Player1;1|1
1446731581384;1446725325842;set pawn to 1|2;Artificial Intelligence2;1|2
1446731581384;1446725326837;set pawn to 2|2;Player1;2|2
1446731581384;1446725326927;set pawn to 0|0;Artificial Intelligence2;0|0
1446731581384;1446725328605;set pawn to 0|1;Player1;0|1
1446731581384;1446725328685;set pawn to 2|1;Artificial Intelligence2;2|1
1446731581384;1446725332310;set pawn to 1|0;Player1;1|0
1446731581384;1446725332437;set pawn to 2|0;Artificial Intelligence2;2|0
1446731581384;1446725332508;finish game;game;null
1446732581157;1446725325321;start game;game;started
1446732581157;1446725326927;set pawn to 2|0;Artificial Intelligence2;2|0
1446732581157;1446725328605;set pawn to 2|1;Player1;2|1
1446732581157;1446725325682;set pawn to 2|1;Artificial Intelligence2;2|1
1446732581157;1446725332310;set pawn to 1|0;Player1;1|0
1446732581157;1446725325737;set pawn to 1|1;Player1;1|1
1446732581157;1446725325842;set pawn to 1|2;Artificial Intelligence2;1|2
1446732581157;1446725332437;set pawn to 0|0;Artificial Intelligence2;0|0
1446732581157;1446725328685;set pawn to 0|1;Artificial Intelligence2;0|1
1446732581157;1446725326837;set pawn to 0|2;Player1;0|2
1446732581157;1446725332508;finish game;game;null
1446734204893;1446725325321;start game;game;started
1446734204893;1446725326927;set pawn to 0|2;Artificial Intelligence2;0|2
1446734204893;1446725328605;set pawn to 0|1;Player1;0|1
1446734204893;1446725325682;set pawn to 0|0;Artificial Intelligence2;0|0
1446734204893;1446725332310;set pawn to 1|2;Player1;1|2
1446734204893;1446725325737;set pawn to 1|1;Player1;1|1
1446734204893;1446725325842;set pawn to 1|0;Artificial Intelligence2;1|0
1446734204893;1446725332437;set pawn to 2|2;Artificial Intelligence2;2|2
1446734204893;1446725328685;set pawn to 2|1;Artificial Intelligence2;2|1
1446734204893;1446725326837;set pawn to 2|0;Player1;2|0
1446734204893;1446725332508;finish game;game;null
1446728359473;1446725325321;start game;game;started
1446728359473;1446725326927;set pawn to 0|0;Artificial Intelligence2;0|0
1446728359473;1446725328605;set pawn to 1|0;Player1;1|0
1446728359473;1446725325682;set pawn to 2|0;Artificial Intelligence2;2|0
1446728359473;1446725332310;set pawn to 0|1;Player1;0|1
1446728359473;1446725325737;set pawn to 1|1;Player1;1|1
1446728359473;1446725325842;set pawn to 2|1;Artificial Intelligence2;2|1
1446728359473;1446725332437;set pawn to 0|2;Artificial Intelligence2;0|2
1446728359473;1446725328685;set pawn to 1|2;Artificial Intelligence2;1|2
1446728359473;1446725326837;set pawn to 2|2;Player1;2|2
1446728359473;1446725332508;finish game;game;null
1446733780946;1446725325321;start game;game;started
1446733780946;1446725326927;set pawn to 2|2;Artificial Intelligence2;2|2
1446733780946;1446725328605;set pawn to 2|1;Player1;2|1
1446733780946;1446725325682;set pawn to 2|0;Artificial Intelligence2;2|0
1446733780946;1446725332310;set pawn to 1|2;Player1;1|2
1446733780946;1446725325737;set pawn to 1|1;Player1;1|1
1446733780946;1446725325842;set pawn to 1|0;Artificial Intelligence2;1|0
1446733780946;1446725332437;set pawn to 0|2;Artificial Intelligence2;0|2
1446733780946;1446725328685;set pawn to 0|1;Artificial Intelligence2;0|1
1446733780946;1446725326837;set pawn to 0|0;Player1;0|0
1446733780946;1446725332508;finish game;game;null
1446733839368;1446725333670;start game;game;started
1446733839368;1446725336237;set pawn to 1|1;Player1;1|1
1446733839368;1446725336378;set pawn to 0|0;Artificial Intelligence2;0|0
1446733839368;1446725339957;set pawn to 2|1;Player1;2|1
1446733839368;1446725340110;set pawn to 1|0;Artificial Intelligence2;1|0
1446733839368;1446725341117;set pawn to 0|1;Player1;0|1
1446733839368;1446725341178;finish game;game;Player1
1446731411031;1446725333670;start game;game;started
1446731411031;1446725336378;set pawn to 2|0;Artificial Intelligence2;2|0
1446731411031;1446725341117;set pawn to 2|1;Player1;2|1
1446731411031;1446725340110;set pawn to 1|0;Artificial Intelligence2;1|0
1446731411031;1446725336237;set pawn to 1|1;Player1;1|1
1446731411031;1446725339957;set pawn to 0|1;Player1;0|1
1446731411031;1446725341178;finish game;game;Player1
1446726496010;1446725333670;start game;game;started
1446726496010;1446725336378;set pawn to 0|2;Artificial Intelligence2;0|2
1446726496010;1446725341117;set pawn to 0|1;Player1;0|1
1446726496010;1446725340110;set pawn to 1|2;Artificial Intelligence2;1|2
1446726496010;1446725336237;set pawn to 1|1;Player1;1|1
1446726496010;1446725339957;set pawn to 2|1;Player1;2|1
1446726496010;1446725341178;finish game;game;Player1
1446735241889;1446725333670;start game;game;started
1446735241889;1446725336378;set pawn to 0|0;Artificial Intelligence2;0|0
1446735241889;1446725341117;set pawn to 1|0;Player1;1|0
1446735241889;1446725340110;set pawn to 0|1;Artificial Intelligence2;0|1
1446735241889;1446725336237;set pawn to 1|1;Player1;1|1
1446735241889;1446725339957;set pawn to 1|2;Player1;1|2
1446735241889;1446725341178;finish game;game;Player1
1446729267242;1446725333670;start game;game;started
1446729267242;1446725336378;set pawn to 2|2;Artificial Intelligence2;2|2
1446729267242;1446725341117;set pawn to 2|1;Player1;2|1
1446729267242;1446725340110;set pawn to 1|2;Artificial Intelligence2;1|2
1446729267242;1446725336237;set pawn to 1|1;Player1;1|1
1446729267242;1446725339957;set pawn to 0|1;Player1;0|1
1446729267242;1446725341178;finish game;game;Player1
1446731394206;1446725342174;start game;game;started
1446731394206;1446725343357;set pawn to 1|1;Player1;1|1
1446731394206;1446725343457;set pawn to 1|2;Artificial Intelligence2;1|2
1446731394206;1446725347093;set pawn to 0|1;Player1;0|1
1446731394206;1446725347197;set pawn to 2|1;Artificial Intelligence2;2|1
1446731394206;1446725349845;set pawn to 2|2;Player1;2|2
1446731394206;1446725350000;set pawn to 0|0;Artificial Intelligence2;0|0
1446731394206;1446725353237;set pawn to 2|0;Player1;2|0
1446731394206;1446725353345;set pawn to 0|2;Artificial Intelligence2;0|2
1446731394206;1446725354253;set pawn to 1|0;Player1;1|0
1446731394206;1446725354298;finish game;game;null
1446730217972;1446725342174;start game;game;started
1446730217972;1446725350000;set pawn to 2|0;Artificial Intelligence2;2|0
1446730217972;1446725347093;set pawn to 2|1;Player1;2|1
1446730217972;1446725353345;set pawn to 2|1;Artificial Intelligence2;2|1
1446730217972;1446725354253;set pawn to 1|0;Player1;1|0
1446730217972;1446725343357;set pawn to 1|1;Player1;1|1
1446730217972;1446725343457;set pawn to 1|2;Artificial Intelligence2;1|2
1446730217972;1446725353237;set pawn to 0|0;Player1;0|0
1446730217972;1446725347197;set pawn to 0|1;Artificial Intelligence2;0|1
1446730217972;1446725349845;set pawn to 0|2;Player1;0|2
1446730217972;1446725354298;finish game;game;null
1446731294610;1446725342174;start game;game;started
1446731294610;1446725350000;set pawn to 0|2;Artificial Intelligence2;0|2
1446731294610;1446725347093;set pawn to 0|1;Player1;0|1
1446731294610;1446725353345;set pawn to 0|0;Artificial Intelligence2;0|0
1446731294610;1446725354253;set pawn to 1|2;Player1;1|2
1446731294610;1446725343357;set pawn to 1|1;Player1;1|1
1446731294610;1446725343457;set pawn to 1|0;Artificial Intelligence2;1|0
1446731294610;1446725353237;set pawn to 2|2;Player1;2|2
1446731294610;1446725347197;set pawn to 2|1;Artificial Intelligence2;2|1
1446731294610;1446725349845;set pawn to 2|0;Player1;2|0
1446731294610;1446725354298;finish game;game;null
1446726645709;1446725342174;start game;game;started
1446726645709;1446725350000;set pawn to 0|0;Artificial Intelligence2;0|0
1446726645709;1446725347093;set pawn to 1|0;Player1;1|0
1446726645709;1446725353345;set pawn to 2|0;Artificial Intelligence2;2|0
1446726645709;1446725354253;set pawn to 0|1;Player1;0|1
1446726645709;1446725343357;set pawn to 1|1;Player1;1|1
1446726645709;1446725343457;set pawn to 2|1;Artificial Intelligence2;2|1
1446726645709;1446725353237;set pawn to 0|2;Player1;0|2
1446726645709;1446725347197;set pawn to 1|2;Artificial Intelligence2;1|2
1446726645709;1446725349845;set pawn to 2|2;Player1;2|2
1446726645709;1446725354298;finish game;game;null
1446728489005;1446725342174;start game;game;started
1446728489005;1446725350000;set pawn to 2|2;Artificial Intelligence2;2|2
1446728489005;1446725347093;set pawn to 2|1;Player1;2|1
1446728489005;1446725353345;set pawn to 2|0;Artificial Intelligence2;2|0
1446728489005;1446725354253;set pawn to 1|2;Player1;1|2
1446728489005;1446725343357;set pawn to 1|1;Player1;1|1
1446728489005;1446725343457;set pawn to 1|0;Artificial Intelligence2;1|0
1446728489005;1446725353237;set pawn to 0|2;Player1;0|2
1446728489005;1446725347197;set pawn to 0|1;Artificial Intelligence2;0|1
1446728489005;1446725349845;set pawn to 0|0;Player1;0|0
1446728489005;1446725354298;finish game;game;null
1446731952323;1446725355149;start game;game;started
1446731952323;1446725356188;set pawn to 1|1;Player1;1|1
1446731952323;1446725356289;set pawn to 1|2;Artificial Intelligence2;1|2
1446731952323;1446725357900;set pawn to 0|2;Player1;0|2
1446731952323;1446725358005;set pawn to 2|0;Artificial Intelligence2;2|0
1446731952323;1446725360628;set pawn to 0|1;Player1;0|1
1446731952323;1446725360711;set pawn to 2|1;Artificial Intelligence2;2|1
1446731952323;1446725361669;set pawn to 0|0;Player1;0|0
1446731952323;1446725361713;finish game;game;Player1
1446725999854;1446725355149;start game;game;started
1446725999854;1446725361669;set pawn to 2|0;Player1;2|0
1446725999854;1446725360628;set pawn to 2|1;Player1;2|1
1446725999854;1446725357900;set pawn to 2|1;Player1;2|1
1446725999854;1446725356188;set pawn to 1|1;Player1;1|1
1446725999854;1446725356289;set pawn to 1|2;Artificial Intelligence2;1|2
1446725999854;1446725358005;set pawn to 0|0;Artificial Intelligence2;0|0
1446725999854;1446725360711;set pawn to 0|1;Artificial Intelligence2;0|1
1446725999854;1446725361713;finish game;game;Player1
1446729469021;1446725355149;start game;game;started
1446729469021;1446725361669;set pawn to 0|2;Player1;0|2
1446729469021;1446725360628;set pawn to 0|1;Player1;0|1
1446729469021;1446725357900;set pawn to 0|0;Player1;0|0
1446729469021;1446725356188;set pawn to 1|1;Player1;1|1
1446729469021;1446725356289;set pawn to 1|0;Artificial Intelligence2;1|0
1446729469021;1446725358005;set pawn to 2|2;Artificial Intelligence2;2|2
1446729469021;1446725360711;set pawn to 2|1;Artificial Intelligence2;2|1
1446729469021;1446725361713;finish game;game;Player1
1446734136021;1446725355149;start game;game;started
1446734136021;1446725361669;set pawn to 0|0;Player1;0|0
1446734136021;1446725360628;set pawn to 1|0;Player1;1|0
1446734136021;1446725357900;set pawn to 2|0;Player1;2|0
1446734136021;1446725356188;set pawn to 1|1;Player1;1|1
1446734136021;1446725356289;set pawn to 2|1;Artificial Intelligence2;2|1
1446734136021;1446725358005;set pawn to 0|2;Artificial Intelligence2;0|2
1446734136021;1446725360711;set pawn to 1|2;Artificial Intelligence2;1|2
1446734136021;1446725361713;finish game;game;Player1
1446733214087;1446725355149;start game;game;started
1446733214087;1446725361669;set pawn to 2|2;Player1;2|2
1446733214087;1446725360628;set pawn to 2|1;Player1;2|1
1446733214087;1446725357900;set pawn to 2|0;Player1;2|0
1446733214087;1446725356188;set pawn to 1|1;Player1;1|1
1446733214087;1446725356289;set pawn to 1|0;Artificial Intelligence2;1|0
1446733214087;1446725358005;set pawn to 0|2;Artificial Intelligence2;0|2
1446733214087;1446725360711;set pawn to 0|1;Artificial Intelligence2;0|1
1446733214087;1446725361713;finish game;game;Player1
1446727728453;1446725362573;start game;game;started
1446727728453;1446725363028;set pawn to 1|1;Player1;1|1
1446727728453;1446725363113;set pawn to 1|2;Artificial Intelligence2;1|2
1446727728453;1446725364192;set pawn to 0|2;Player1;0|2
1446727728453;1446725364295;set pawn to 1|0;Artificial Intelligence2;1|0
1446727728453;1446725367300;set pawn to 2|0;Player1;2|0
1446727728453;1446725367333;finish game;game;Player1
1446728903999;1446725362573;start game;game;started
1446728903999;1446725364192;set pawn to 2|1;Player1;2|1
1446728903999;1446725364295;set pawn to 1|0;Artificial Intelligence2;1|0
1446728903999;1446725363028;set pawn to 1|1;Player1;1|1
1446728903999;1446725363113;set pawn to 1|2;Artificial Intelligence2;1|2
1446728903999;1446725367300;set pawn to 0|0;Player1;0|0
1446728903999;1446725367333;finish game;game;Player1
1446726082073;1446725362573;start game;game;started
1446726082073;1446725364192;set pawn to 0|0;Player1;0|0
1446726082073;1446725364295;set pawn to 1|2;Artificial Intelligence2;1|2
1446726082073;1446725363028;set pawn to 1|1;Player1;1|1
1446726082073;1446725363113;set pawn to 1|0;Artificial Intelligence2;1|0
1446726082073;1446725367300;set pawn to 2|2;Player1;2|2
1446726082073;1446725367333;finish game;game;Player1
1446730344760;1446725362573;start game;game;started
1446730344760;1446725364192;set pawn to 2|0;Player1;2|0
1446730344760;1446725364295;set pawn to 0|1;Artificial Intelligence2;0|1
1446730344760;1446725363028;set pawn to 1|1;Player1;1|1
1446730344760;1446725363113;set pawn to 2|1;Artificial Intelligence2;2|1
1446730344760;1446725367300;set pawn to 0|2;Player1;0|2
1446730344760;1446725367333;finish game;game;Player1
1446725901049;1446725362573;start game;game;started
1446725901049;1446725364192;set pawn to 2|0;Player1;2|0
1446725901049;1446725364295;set pawn to 1|2;Artificial Intelligence2;1|2
1446725901049;1446725363028;set pawn to 1|1;Player1;1|1
1446725901049;1446725363113;set pawn to 1|0;Artificial Intelligence2;1|0
1446725901049;1446725367300;set pawn to 0|2;Player1;0|2
1446725901049;1446725367333;finish game;game;Player1
1446728604109;1446725368277;start game;game;started
1446728604109;1446725368932;set pawn to 1|1;Player1;1|1
1446728604109;1446725369039;set pawn to 2|0;Artificial Intelligence2;2|0
1446728604109;1446725373284;set pawn to 2|2;Player1;2|2
1446728604109;1446725373405;set pawn to 0|0;Artificial Intelligence2;0|0
1446728604109;1446725376532;set pawn to 1|2;Player1;1|2
1446728604109;1446725376680;set pawn to 2|1;Artificial Intelligence2;2|1
1446734448650;1446725791639;start game;game;started
1446734448650;1446725792541;set pawn to 0|0;Player1;0|0
1446734448650;1446725792634;set pawn to 1|1;Artificial Intelligence2;1|1
1446734448650;1446725794333;set pawn to 0|1;Player1;0|1
1446734448650;1446725794409;set pawn to 0|2;Artificial Intelligence2;0|2
1446734448650;1446725796765;set pawn to 2|0;Player1;2|0
1446734448650;1446725796884;set pawn to 1|2;Artificial Intelligence2;1|2
1446734448650;1446725797933;set pawn to 1|0;Player1;1|0
1446734448650;1446725797994;finish game;game;Player1
1446734920590;1446725799358;start game;game;started
1446734920590;1446725801117;set pawn to 2|0;Player1;2|0
1446734920590;1446725801214;set pawn to 1|1;Artificial Intelligence2;1|1
1446734920590;1446725804933;set pawn to 2|1;Player1;2|1
1446734920590;1446725805031;set pawn to 2|2;Artificial Intelligence2;2|2
1446734920590;1446725807877;set pawn to 0|0;Player1;0|0
1446734920590;1446725807977;set pawn to 1|0;Artificial Intelligence2;1|0
1446734920590;1446725809781;set pawn to 1|2;Player1;1|2
1446734920590;1446725809877;set pawn to 0|1;Artificial Intelligence2;0|1
1446734920590;1446725810901;set pawn to 0|2;Player1;0|2
1446734920590;1446725810943;finish game;game;null
1446734922250;1446725811797;start game;game;started
1446734922250;1446725812573;set pawn to 2|0;Player1;2|0
1446734922250;1446725812655;set pawn to 1|1;Artificial Intelligence2;1|1
1446734922250;1446725814053;set pawn to 2|1;Player1;2|1
1446734922250;1446725814133;set pawn to 2|2;Artificial Intelligence2;2|2
1446734922250;1446725815669;set pawn to 0|0;Player1;0|0
1446734922250;1446725815750;set pawn to 1|0;Artificial Intelligence2;1|0
1446734922250;1446725817037;set pawn to 1|2;Player1;1|2
1446734922250;1446725817130;set pawn to 0|1;Artificial Intelligence2;0|1
1446734922250;1446725818036;set pawn to 0|2;Player1;0|2
1446734922250;1446725818068;finish game;game;null
1446734492016;1446725818861;start game;game;started
1446734492016;1446725819789;set pawn to 2|1;Player1;2|1
1446734492016;1446725819907;set pawn to 2|0;Artificial Intelligence2;2|0
1446734492016;1446725821804;set pawn to 1|1;Player1;1|1
1446734492016;1446725821887;set pawn to 1|0;Artificial Intelligence2;1|0
1446734492016;1446725822972;set pawn to 0|1;Player1;0|1
1446734492016;1446725823001;finish game;game;Player1
1446729062014;1446725824325;start game;game;started
1446729062014;1446725825844;set pawn to 2|1;Player1;2|1
1446729062014;1446725825957;set pawn to 2|0;Artificial Intelligence2;2|0
1446729062014;1446725826597;set pawn to 1|1;Player1;1|1
1446729062014;1446725826730;set pawn to 2|2;Artificial Intelligence2;2|2
1446729062014;1446725827612;set pawn to 0|1;Player1;0|1
1446729062014;1446725827645;finish game;game;Player1
1446734113253;1446725828445;start game;game;started
1446734113253;1446725828892;set pawn to 2|1;Player1;2|1
1446734113253;1446725828988;set pawn to 0|1;Artificial Intelligence2;0|1
1446734113253;1446725829324;set pawn to 1|1;Player1;1|1
1446734113253;1446725829406;set pawn to 2|2;Artificial Intelligence2;2|2
1446734113253;1446725839868;set pawn to 1|2;Player1;1|2
1446734113253;1446725840015;set pawn to 2|0;Artificial Intelligence2;2|0
1446734113253;1446725841012;set pawn to 1|0;Player1;1|0
1446734113253;1446725841049;finish game;game;Player1
1446731800887;1446725841923;start game;game;started
1446731800887;1446725842468;set pawn to 2|1;Player1;2|1
1446731800887;1446725842564;set pawn to 1|2;Artificial Intelligence2;1|2
1446731800887;1446725843028;set pawn to 1|1;Player1;1|1
1446731800887;1446725843168;set pawn to 0|0;Artificial Intelligence2;0|0
1446731800887;1446725844116;set pawn to 0|1;Player1;0|1
1446731800887;1446725844168;finish game;game;Player1
1446725983147;1446725844884;start game;game;started
1446725983147;1446725845308;set pawn to 2|1;Player1;2|1
1446725983147;1446725845394;set pawn to 1|1;Artificial Intelligence2;1|1
1446725983147;1446725848155;set pawn to 2|2;Player1;2|2
1446725983147;1446725848240;set pawn to 1|2;Artificial Intelligence2;1|2
1446725983147;1446725850227;set pawn to 2|0;Player1;2|0
1446725983147;1446725850263;finish game;game;Player1
1446729363665;1446725854228;start game;game;started
1446729363665;1446725854819;set pawn to 2|1;Player1;2|1
1446729363665;1446725854916;set pawn to 0|2;Artificial Intelligence2;0|2
1446729363665;1446725857179;set pawn to 1|1;Player1;1|1
1446729363665;1446725857258;set pawn to 2|2;Artificial Intelligence2;2|2
1446729363665;1446725857827;set pawn to 0|1;Player1;0|1
1446729363665;1446725857863;finish game;game;Player1
1446730136052;1446725858705;start game;game;started
1446730136052;1446725859139;set pawn to 2|1;Player1;2|1
1446730136052;1446725859225;set pawn to 2|2;Artificial Intelligence2;2|2
1446730136052;1446725859747;set pawn to 1|1;Player1;1|1
1446730136052;1446725859850;set pawn to 0|1;Artificial Intelligence2;0|1
1446730136052;1446725862339;set pawn to 1|2;Player1;1|2
1446730136052;1446725862424;set pawn to 1|0;Artificial Intelligence2;1|0
1446730136052;1446725864755;set pawn to 2|0;Player1;2|0
1446730136052;1446725864868;set pawn to 0|0;Artificial Intelligence2;0|0
1446730136052;1446725866051;set pawn to 0|2;Player1;0|2
1446730136052;1446725866080;finish game;game;Player1
1446726155870;1446725867397;start game;game;started
1446726155870;1446725868131;set pawn to 1|1;Player1;1|1
1446726155870;1446725868336;set pawn to 2|0;Artificial Intelligence2;2|0
1446726155870;1446725869555;set pawn to 0|1;Player1;0|1
1446726155870;1446725869648;set pawn to 2|1;Artificial Intelligence2;2|1
1446726155870;1446725870987;set pawn to 0|2;Player1;0|2
1446726155870;1446725871067;set pawn to 1|0;Artificial Intelligence2;1|0
1446726155870;1446725872211;set pawn to 0|0;Player1;0|0
1446726155870;1446725872242;finish game;game;Player1
1446726761979;1446725873257;start game;game;started
1446726761979;1446725874258;set pawn to 1|1;Player1;1|1
1446726761979;1446725874405;set pawn to 0|0;Artificial Intelligence2;0|0
1446726761979;1446725882281;set pawn to 2|1;Player1;2|1
1446726761979;1446725882403;set pawn to 0|1;Artificial Intelligence2;0|1
1446726761979;1446725883754;set pawn to 0|2;Player1;0|2
1446726761979;1446725883866;set pawn to 2|0;Artificial Intelligence2;2|0
1446726761979;1446725885842;set pawn to 1|0;Player1;1|0
1446726761979;1446725885921;set pawn to 1|2;Artificial Intelligence2;1|2
1446726761979;1446725886834;set pawn to 2|2;Player1;2|2
1446726761979;1446725886868;finish game;game;null
1446728928912;1446725887747;start game;game;started
1446728928912;1446725888474;set pawn to 1|1;Player1;1|1
1446728928912;1446725888579;set pawn to 0|0;Artificial Intelligence2;0|0
1446728928912;1446725890090;set pawn to 1|2;Player1;1|2
1446728928912;1446725890178;set pawn to 1|0;Artificial Intelligence2;1|0
1446728928912;1446725891202;set pawn to 2|0;Player1;2|0
1446728928912;1446725891277;set pawn to 0|2;Artificial Intelligence2;0|2
1446728928912;1446725892922;set pawn to 0|1;Player1;0|1
1446728928912;1446725892984;set pawn to 2|1;Artificial Intelligence2;2|1
1446728928912;1446725894066;set pawn to 2|2;Player1;2|2
1446728928912;1446725894101;finish game;game;null
1446728364379;1446725894871;start game;game;started
1446728364379;1446725895330;set pawn to 1|1;Player1;1|1
1446728364379;1446725895394;set pawn to 0|0;Artificial Intelligence2;0|0
1446728364379;1446725896370;set pawn to 1|0;Player1;1|0
1446728364379;1446725896455;set pawn to 1|2;Artificial Intelligence2;1|2
1446728364379;1446725901698;set pawn to 2|1;Player1;2|1
1446728364379;1446725901775;set pawn to 0|1;Artificial Intelligence2;0|1
1446728364379;1446725902938;set pawn to 0|2;Player1;0|2
1446728364379;1446725903027;set pawn to 2|2;Artificial Intelligence2;2|2
1446728364379;1446725904298;set pawn to 2|0;Player1;2|0
1446728364379;1446725904326;finish game;game;Player1
1446735060635;1446725907670;start game;game;started
1446735060635;1446725908233;set pawn to 1|1;Player1;1|1
1446735060635;1446725908329;set pawn to 0|0;Artificial Intelligence2;0|0
1446735060635;1446725909145;set pawn to 1|2;Player1;1|2
1446735060635;1446725909290;set pawn to 1|0;Artificial Intelligence2;1|0
1446735060635;1446725910368;set pawn to 2|0;Player1;2|0
1446735060635;1446725910500;set pawn to 0|2;Artificial Intelligence2;0|2
1446735060635;1446725911298;set pawn to 0|1;Player1;0|1
1446735060635;1446725911397;set pawn to 2|1;Artificial Intelligence2;2|1
1446735060635;1446725912177;set pawn to 2|2;Player1;2|2
1446735060635;1446725912212;finish game;game;null
1446733609567;1446725912946;start game;game;started
1446733609567;1446725913349;set pawn to 1|1;Player1;1|1
1446733609567;1446725913432;set pawn to 0|0;Artificial Intelligence2;0|0
1446733609567;1446725915249;set pawn to 2|2;Player1;2|2
1446733609567;1446725915352;set pawn to 1|2;Artificial Intelligence2;1|2
1446733609567;1446725918165;set pawn to 2|1;Player1;2|1
1446733609567;1446725918350;set pawn to 2|0;Artificial Intelligence2;2|0
1446733609567;1446725919457;set pawn to 0|1;Player1;0|1
1446733609567;1446725919484;finish game;game;Player1
1446735722895;1446725920505;start game;game;started
1446735722895;1446725921113;set pawn to 1|1;Player1;1|1
1446735722895;1446725921200;set pawn to 0|0;Artificial Intelligence2;0|0
1446735722895;1446725925025;set pawn to 2|2;Player1;2|2
1446735722895;1446725925121;set pawn to 2|1;Artificial Intelligence2;2|1
1446735722895;1446725932465;set pawn to 1|2;Player1;1|2
1446735722895;1446725932564;set pawn to 2|0;Artificial Intelligence2;2|0
1446735722895;1446725933504;set pawn to 0|2;Player1;0|2
1446735722895;1446725933535;finish game;game;Player1
1446729232275;1446725934453;start game;game;started
1446729232275;1446725935056;set pawn to 1|1;Player1;1|1
1446729232275;1446725935126;set pawn to 2|0;Artificial Intelligence2;2|0
1446729232275;1446725936152;set pawn to 2|2;Player1;2|2
1446729232275;1446725936232;set pawn to 0|0;Artificial Intelligence2;0|0
1446729232275;1446725937304;set pawn to 1|0;Player1;1|0
1446729232275;1446725937382;set pawn to 1|2;Artificial Intelligence2;1|2
1446729232275;1446725941408;set pawn to 2|1;Player1;2|1
1446729232275;1446725941505;set pawn to 0|1;Artificial Intelligence2;0|1
1446729232275;1446725942464;set pawn to 0|2;Player1;0|2
1446729232275;1446725942492;finish game;game;null
1446730406409;1446725943219;start game;game;started
1446730406409;1446725943912;set pawn to 1|1;Player1;1|1
1446730406409;1446725944011;set pawn to 2|0;Artificial Intelligence2;2|0
1446730406409;1446725950152;set pawn to 2|2;Player1;2|2
1446730406409;1446725950229;set pawn to 0|0;Artificial Intelligence2;0|0
1446730406409;1446725951376;set pawn to 1|0;Player1;1|0
1446730406409;1446725951501;set pawn to 1|2;Artificial Intelligence2;1|2
1446730406409;1446725979127;set pawn to 0|1;Player1;0|1
1446730406409;1446725979281;set pawn to 2|1;Artificial Intelligence2;2|1
1446730406409;1446725980255;set pawn to 0|2;Player1;0|2
1446730406409;1446725980292;finish game;game;null
1446734126676;1446725982639;start game;game;started
1446734126676;1446725984031;set pawn to 0|2;Player1;0|2
1446734126676;1446725984118;set pawn to 1|1;Artificial Intelligence2;1|1
1446734126676;1446725985263;set pawn to 1|2;Player1;1|2
1446734126676;1446725985350;set pawn to 2|2;Artificial Intelligence2;2|2
1446734126676;1446725986639;set pawn to 0|1;Player1;0|1
1446734126676;1446725986719;set pawn to 2|1;Artificial Intelligence2;2|1
1446734126676;1446725988831;set pawn to 0|0;Player1;0|0
1446734126676;1446725988858;finish game;game;Player1
1446732587402;1446725989871;start game;game;started
1446732587402;1446725990911;set pawn to 0|2;Player1;0|2
1446732587402;1446725990992;set pawn to 1|0;Artificial Intelligence2;1|0
1446732587402;1446725992470;set pawn to 1|2;Player1;1|2
1446732587402;1446725992569;set pawn to 0|1;Artificial Intelligence2;0|1
1446732587402;1446725993471;set pawn to 2|2;Player1;2|2
1446732587402;1446725993494;finish game;game;Player1
1446726340618;1446725994407;start game;game;started
1446726340618;1446725994974;set pawn to 0|2;Player1;0|2
1446726340618;1446725995054;set pawn to 0|0;Artificial Intelligence2;0|0
1446726340618;1446725995894;set pawn to 1|2;Player1;1|2
1446726340618;1446725996005;set pawn to 2|2;Artificial Intelligence2;2|2
1446726340618;1446725998830;set pawn to 1|1;Player1;1|1
1446726340618;1446725998913;set pawn to 0|1;Artificial Intelligence2;0|1
1446726340618;1446726000134;set pawn to 2|0;Player1;2|0
1446726340618;1446726000162;finish game;game;Player1
1446728587397;1446726001039;start game;game;started
1446728587397;1446726001494;set pawn to 1|1;Player1;1|1
1446728587397;1446726001577;set pawn to 2|0;Artificial Intelligence2;2|0
1446728587397;1446726002894;set pawn to 2|2;Player1;2|2
1446728587397;1446726002977;set pawn to 0|0;Artificial Intelligence2;0|0
1446728587397;1446726004550;set pawn to 1|0;Player1;1|0
1446728587397;1446726004637;set pawn to 1|2;Artificial Intelligence2;1|2
1446728587397;1446726009654;set pawn to 2|1;Player1;2|1
1446728587397;1446726009772;set pawn to 0|1;Artificial Intelligence2;0|1
1446728587397;1446726010599;set pawn to 0|2;Player1;0|2
1446728587397;1446726010630;finish game;game;null
1446733574617;1446726012862;start game;game;started
1446733574617;1446726013294;set pawn to 1|1;Player1;1|1
1446733574617;1446726013467;set pawn to 2|0;Artificial Intelligence2;2|0
1446733574617;1446726031077;set pawn to 0|2;Player1;0|2
1446733574617;1446726031179;set pawn to 1|0;Artificial Intelligence2;1|0
1446733574617;1446726033845;set pawn to 0|0;Player1;0|0
1446733574617;1446726033942;set pawn to 0|1;Artificial Intelligence2;0|1
1446733574617;1446726038821;set pawn to 2|2;Player1;2|2
1446733574617;1446726038859;finish game;game;Player1
1446838202842;1446829495149;start game;game;started
1446838202842;1446829498726;set pawn to 2|0;Player1;2|0
1446838202842;1446829499029;set pawn to 1|1;Artificial Intelligence2;1|1
1446838202842;1446829509080;set pawn to 2|1;Player1;2|1
1446838202842;1446829509223;set pawn to 2|2;Artificial Intelligence2;2|2
1446838202842;1446829511324;set pawn to 1|0;Player1;1|0
1446838202842;1446829511436;set pawn to 0|0;Artificial Intelligence2;0|0
1446838202842;1446829511456;finish game;game;Artificial Intelligence2
1446838559320;1446829495149;start game;game;started
1446838559320;1446829511436;set pawn to 2|0;Artificial Intelligence2;2|0
1446838559320;1446829511324;set pawn to 1|0;Player1;1|0
1446838559320;1446829499029;set pawn to 1|1;Artificial Intelligence2;1|1
1446838559320;1446829498726;set pawn to 0|0;Player1;0|0
1446838559320;1446829509080;set pawn to 0|1;Player1;0|1
1446838559320;1446829509223;set pawn to 0|2;Artificial Intelligence2;0|2
1446838559320;1446829511456;finish game;game;Artificial Intelligence2
1446831138031;1446829495149;start game;game;started
1446831138031;1446829511436;set pawn to 0|2;Artificial Intelligence2;0|2
1446831138031;1446829511324;set pawn to 1|2;Player1;1|2
1446831138031;1446829499029;set pawn to 1|1;Artificial Intelligence2;1|1
1446831138031;1446829498726;set pawn to 2|2;Player1;2|2
1446831138031;1446829509080;set pawn to 2|1;Player1;2|1
1446831138031;1446829509223;set pawn to 2|0;Artificial Intelligence2;2|0
1446831138031;1446829511456;finish game;game;Artificial Intelligence2
1446832535338;1446829495149;start game;game;started
1446832535338;1446829511436;set pawn to 0|0;Artificial Intelligence2;0|0
1446832535338;1446829511324;set pawn to 0|1;Player1;0|1
1446832535338;1446829499029;set pawn to 1|1;Artificial Intelligence2;1|1
1446832535338;1446829498726;set pawn to 0|2;Player1;0|2
1446832535338;1446829509080;set pawn to 1|2;Player1;1|2
1446832535338;1446829509223;set pawn to 2|2;Artificial Intelligence2;2|2
1446832535338;1446829511456;finish game;game;Artificial Intelligence2
1446839008782;1446829495149;start game;game;started
1446839008782;1446829511436;set pawn to 2|2;Artificial Intelligence2;2|2
1446839008782;1446829511324;set pawn to 1|2;Player1;1|2
1446839008782;1446829499029;set pawn to 1|1;Artificial Intelligence2;1|1
1446839008782;1446829498726;set pawn to 0|2;Player1;0|2
1446839008782;1446829509080;set pawn to 0|1;Player1;0|1
1446839008782;1446829509223;set pawn to 0|0;Artificial Intelligence2;0|0
1446839008782;1446829511456;finish game;game;Artificial Intelligence2
1446838319417;1446829518133;start game;game;started
1446838319417;1446829524076;set pawn to 2|0;Player1;2|0
1446838319417;1446829524198;set pawn to 1|1;Artificial Intelligence2;1|1
1446838319417;1446829528052;set pawn to 2|1;Player1;2|1
1446838319417;1446829528160;set pawn to 2|2;Artificial Intelligence2;2|2
1446838319417;1446829530556;set pawn to 0|0;Player1;0|0
1446838319417;1446829530657;set pawn to 1|0;Artificial Intelligence2;1|0
1446838319417;1446829532659;set pawn to 1|2;Player1;1|2
1446838319417;1446829532746;set pawn to 0|1;Artificial Intelligence2;0|1
1446838319417;1446829533971;set pawn to 0|2;Player1;0|2
1446838319417;1446829533992;finish game;game;null
1446839262599;1446829518133;start game;game;started
1446839262599;1446829530556;set pawn to 2|0;Player1;2|0
1446839262599;1446829532746;set pawn to 2|1;Artificial Intelligence2;2|1
1446839262599;1446829533971;set pawn to 2|1;Player1;2|1
1446839262599;1446829530657;set pawn to 1|0;Artificial Intelligence2;1|0
1446839262599;1446829524198;set pawn to 1|1;Artificial Intelligence2;1|1
1446839262599;1446829532659;set pawn to 1|2;Player1;1|2
1446839262599;1446829524076;set pawn to 0|0;Player1;0|0
1446839262599;1446829528052;set pawn to 0|1;Player1;0|1
1446839262599;1446829528160;set pawn to 0|2;Artificial Intelligence2;0|2
1446839262599;1446829533992;finish game;game;null
1446837617542;1446829518133;start game;game;started
1446837617542;1446829530556;set pawn to 0|2;Player1;0|2
1446837617542;1446829532746;set pawn to 0|1;Artificial Intelligence2;0|1
1446837617542;1446829533971;set pawn to 0|0;Player1;0|0
1446837617542;1446829530657;set pawn to 1|2;Artificial Intelligence2;1|2
1446837617542;1446829524198;set pawn to 1|1;Artificial Intelligence2;1|1
1446837617542;1446829532659;set pawn to 1|0;Player1;1|0
1446837617542;1446829524076;set pawn to 2|2;Player1;2|2
1446837617542;1446829528052;set pawn to 2|1;Player1;2|1
1446837617542;1446829528160;set pawn to 2|0;Artificial Intelligence2;2|0
1446837617542;1446829533992;finish game;game;null
1446839359693;1446829518133;start game;game;started
1446839359693;1446829530556;set pawn to 0|0;Player1;0|0
1446839359693;1446829532746;set pawn to 1|0;Artificial Intelligence2;1|0
1446839359693;1446829533971;set pawn to 2|0;Player1;2|0
1446839359693;1446829530657;set pawn to 0|1;Artificial Intelligence2;0|1
1446839359693;1446829524198;set pawn to 1|1;Artificial Intelligence2;1|1
1446839359693;1446829532659;set pawn to 2|1;Player1;2|1
1446839359693;1446829524076;set pawn to 0|2;Player1;0|2
1446839359693;1446829528052;set pawn to 1|2;Player1;1|2
1446839359693;1446829528160;set pawn to 2|2;Artificial Intelligence2;2|2
1446839359693;1446829533992;finish game;game;null
1446834816397;1446829518133;start game;game;started
1446834816397;1446829530556;set pawn to 2|2;Player1;2|2
1446834816397;1446829532746;set pawn to 2|1;Artificial Intelligence2;2|1
1446834816397;1446829533971;set pawn to 2|0;Player1;2|0
1446834816397;1446829530657;set pawn to 1|2;Artificial Intelligence2;1|2
1446834816397;1446829524198;set pawn to 1|1;Artificial Intelligence2;1|1
1446834816397;1446829532659;set pawn to 1|0;Player1;1|0
1446834816397;1446829524076;set pawn to 0|2;Player1;0|2
1446834816397;1446829528052;set pawn to 0|1;Player1;0|1
1446834816397;1446829528160;set pawn to 0|0;Artificial Intelligence2;0|0
1446834816397;1446829533992;finish game;game;null
1447062122066;1447059323334;start game;game;started
1447062122066;1447059325558;set pawn to 0|0;Player1;0|0
1447062122066;1447059326486;set pawn to 0|1;Player2;0|1
1447062122066;1447059326998;set pawn to 1|1;Player1;1|1
1447063219286;1447063023732;start game;game;started
1447063219286;1447063024220;set pawn to 1|1;Player1;1|1
1447063219286;1447063024443;set pawn to 2|0;Artificial Intelligence2;2|0
1447063219286;1447063025131;set pawn to 1|0;Player1;1|0
1447063219286;1447063025248;set pawn to 2|1;Artificial Intelligence2;2|1
1447063219286;1447063027315;set pawn to 1|2;Player1;1|2
1447063219286;1447063027353;finish game;game;Player1
1447064157827;1447063023732;start game;game;started
1447064157827;1447063025131;set pawn to 1|0;Player1;1|0
1447064157827;1447063024220;set pawn to 1|1;Player1;1|1
1447064157827;1447063027315;set pawn to 1|2;Player1;1|2
1447064157827;1447063024443;set pawn to 0|0;Artificial Intelligence2;0|0
1447064157827;1447063025248;set pawn to 0|1;Artificial Intelligence2;0|1
1447064157827;1447063027353;finish game;game;Player1
1447070895356;1447063023732;start game;game;started
1447070895356;1447063025131;set pawn to 1|2;Player1;1|2
1447070895356;1447063024220;set pawn to 1|1;Player1;1|1
1447070895356;1447063027315;set pawn to 1|0;Player1;1|0
1447070895356;1447063024443;set pawn to 2|2;Artificial Intelligence2;2|2
1447070895356;1447063025248;set pawn to 2|1;Artificial Intelligence2;2|1
1447070895356;1447063027353;finish game;game;Player1
1447068865297;1447063023732;start game;game;started
1447068865297;1447063025131;set pawn to 0|1;Player1;0|1
1447068865297;1447063024220;set pawn to 1|1;Player1;1|1
1447068865297;1447063027315;set pawn to 2|1;Player1;2|1
1447068865297;1447063024443;set pawn to 0|2;Artificial Intelligence2;0|2
1447068865297;1447063025248;set pawn to 1|2;Artificial Intelligence2;1|2
1447068865297;1447063027353;finish game;game;Player1
1447066513475;1447063023732;start game;game;started
1447066513475;1447063025131;set pawn to 1|2;Player1;1|2
1447066513475;1447063024220;set pawn to 1|1;Player1;1|1
1447066513475;1447063027315;set pawn to 1|0;Player1;1|0
1447066513475;1447063024443;set pawn to 0|2;Artificial Intelligence2;0|2
1447066513475;1447063025248;set pawn to 0|1;Artificial Intelligence2;0|1
1447066513475;1447063027353;finish game;game;Player1
1447064446614;1447063028949;start game;game;started